account_id,snapshot_date,usage_count_last_1m,usage_duration_last_1m,error_count_last_1m,active_features_last_1m,usage_count_last_3m,usage_duration_last_3m,error_count_last_3m,active_features_last_3m,usage_count_last_6m,usage_duration_last_6m,error_count_last_6m,active_features_last_6m,usage_trend_3m,usage_trend_pct_3m,error_trend_3m,active_features_drop_3m,label,account_age_days,months_since_first_usage,months_since_last_usage,avg_monthly_usage_6m,plan_tier,industry,country,seats,is_trial
A-019782,2023-07-31,47,9154,1,4,90,21306,5,10,143,38317,8,15,25.5,0.2802197802197802,-1.0,-6,0,103,6.8,0.0,23.83333333333333,Enterprise,DevTools,FR,11,False
A-019782,2023-08-31,61,15198,1,4,138,32310,6,12,193,51128,9,18,22.5,0.1618705035971223,-1.5,-8,0,134,7.833333333333333,0.0,32.166666666666664,Enterprise,DevTools,FR,11,False
A-05f0e5,2023-07-31,16,464,0,1,112,26638,16,6,322,90014,26,13,-32.0,-0.2831858407079646,-8.0,-5,0,88,6.966666666666667,0.0,53.66666666666666,Basic,FinTech,US,32,False
A-05f0e5,2023-08-31,86,21096,0,5,162,35862,12,8,396,107534,26,16,48.0,0.294478527607362,-6.0,-3,0,119,8.0,0.0,66.0,Basic,FinTech,US,32,False
A-075038,2023-08-31,47,15938,4,5,56,18773,4,5,140,38598,7,11,42.5,0.7456140350877193,4.0,0,0,111,7.8,0.0,23.33333333333333,Basic,HealthTech,UK,17,False
A-075038,2023-09-30,46,10442,3,4,102,29215,7,9,162,46880,10,11,18.0,0.174757281553398,1.0,-5,0,141,8.8,0.0,27.0,Basic,HealthTech,UK,17,False
A-089363,2023-07-31,12,1140,5,2,50,15941,9,5,117,35472,12,12,-7.0,-0.1372549019607843,3.0,-3,0,86,6.733333333333333,0.0,19.5,Basic,FinTech,AU,2,False
A-089363,2023-08-31,33,9461,1,3,72,19880,7,8,117,35090,11,10,13.5,0.184931506849315,-2.0,-5,0,117,7.766666666666667,0.0,19.5,Basic,FinTech,AU,2,False
A-089363,2023-09-30,14,1064,0,1,59,11665,6,5,123,34330,11,10,-8.5,-0.1416666666666666,-3.0,-4,0,147,8.766666666666667,0.0,20.5,Basic,FinTech,AU,2,False
A-0dbdc6,2023-07-31,62,19410,6,3,118,32026,14,6,292,98940,24,12,34.0,0.2857142857142857,2.0,-3,0,169,5.833333333333333,0.0,48.66666666666666,Pro,Cybersecurity,DE,30,False
A-0dbdc6,2023-08-31,64,16880,2,3,154,47258,8,8,304,94678,26,13,19.0,0.1225806451612903,-1.0,-5,0,200,6.866666666666666,0.0,50.66666666666666,Pro,Cybersecurity,DE,30,False
A-0dbdc6,2023-09-30,28,8304,0,2,154,44594,8,8,250,76882,18,12,-35.0,-0.2258064516129032,-4.0,-6,0,230,7.866666666666666,0.0,41.66666666666666,Pro,Cybersecurity,DE,30,False
A-0f3e88,2023-09-30,7,3892,2,1,26,10601,4,4,97,33477,6,11,-2.5,-0.0925925925925925,1.0,-3,0,69,8.633333333333333,0.0,16.166666666666668,Basic,HealthTech,US,7,False
A-10b8da,2023-07-31,47,10312,1,4,57,12372,1,5,100,20824,3,9,42.0,0.7241379310344828,1.0,-1,0,84,6.166666666666667,0.0,16.666666666666668,Enterprise,DevTools,US,14,False
A-10b8da,2023-08-31,9,2835,1,1,56,13147,2,5,99,18719,4,9,-14.5,-0.2543859649122807,0.5,-4,0,115,7.2,0.0,16.5,Enterprise,DevTools,US,14,False
A-10b8f2,2023-03-31,37,11225,0,3,88,17516,2,7,88,17516,2,7,11.5,0.1292134831460674,-1.0,-4,0,79,2.6,0.0,14.666666666666666,Basic,HealthTech,DE,47,True
A-10b8f2,2023-04-30,7,1218,0,1,53,13766,2,5,95,18734,2,8,-16.0,-0.2962962962962963,-1.0,-4,0,109,3.6,0.0,15.833333333333334,Basic,HealthTech,DE,47,True
A-10b8f2,2023-05-31,41,12955,6,3,85,25398,6,7,136,31689,8,10,19.0,0.2209302325581395,6.0,-4,0,140,4.633333333333334,0.0,22.666666666666668,Basic,HealthTech,DE,47,True
A-10b8f2,2023-06-30,23,10059,1,2,71,24232,7,6,159,41748,9,11,-1.0,-0.0138888888888888,-2.0,-4,0,170,5.633333333333334,0.0,26.5,Basic,HealthTech,DE,47,True
A-10b8f2,2023-07-31,7,882,0,1,71,23896,7,6,124,37662,9,10,-25.0,-0.3472222222222222,-3.5,-5,0,201,6.666666666666667,0.0,20.666666666666668,Basic,HealthTech,DE,47,True
A-10b8f2,2023-08-31,44,20412,3,3,74,31353,4,6,159,56751,10,13,29.0,0.3866666666666666,2.5,-3,0,232,7.7,0.0,26.5,Basic,HealthTech,DE,47,True
A-10b8f2,2023-09-30,5,2790,0,1,56,24084,3,5,127,48316,10,11,-20.5,-0.3596491228070175,-1.5,-4,0,262,8.7,0.0,21.166666666666668,Basic,HealthTech,DE,47,True
A-151c9a,2023-07-31,12,2604,0,1,21,7878,0,2,56,17514,1,5,7.5,0.3409090909090909,0.0,-1,0,185,6.633333333333334,0.0,9.333333333333334,Enterprise,FinTech,US,23,False
A-151c9a,2023-08-31,5,1350,0,1,17,3954,0,2,43,13986,0,5,-1.0,-0.0555555555555555,0.0,-1,0,216,7.666666666666667,0.0,7.166666666666667,Enterprise,FinTech,US,23,False
A-151c9a,2023-09-30,23,8150,0,2,40,12104,0,4,60,20612,0,6,14.5,0.3536585365853658,0.0,-2,0,246,8.666666666666666,0.0,10.0,Enterprise,FinTech,US,23,False
A-158f4e,2023-07-31,15,465,3,1,71,19554,13,7,184,42405,15,17,-13.0,-0.1805555555555555,-2.0,-6,0,150,6.566666666666666,0.0,30.666666666666668,Enterprise,FinTech,IN,61,False
A-158f4e,2023-08-31,16,4392,1,2,47,6156,7,5,174,39296,16,16,0.5,0.0104166666666666,-2.0,-3,0,181,7.6,0.0,29.0,Enterprise,FinTech,IN,61,False
A-186a44,2023-09-30,66,22482,1,5,120,40514,3,9,166,57658,11,13,39.0,0.3223140495867768,0.0,-4,0,54,8.833333333333334,0.0,27.666666666666668,Enterprise,HealthTech,US,20,False
A-1986ca,2023-08-31,13,1352,3,1,64,22594,7,6,122,37220,12,11,-12.5,-0.1923076923076923,1.0,-5,0,213,7.833333333333333,0.0,20.33333333333333,Pro,HealthTech,IN,20,False
A-19b2c8,2023-07-31,34,11733,2,4,82,22021,4,8,148,43828,4,12,10.0,0.1204819277108433,1.0,-4,0,55,6.6,0.0,24.666666666666668,Pro,DevTools,IN,20,False
A-19b2c8,2023-08-31,53,23837,4,5,104,41405,6,10,184,64316,8,15,27.5,0.2619047619047619,3.0,-5,0,86,7.633333333333334,0.0,30.666666666666668,Pro,DevTools,IN,20,False
A-19b2c8,2023-09-30,29,11558,5,3,116,47128,11,10,174,61976,13,15,-14.5,-0.1239316239316239,2.0,-7,0,116,8.633333333333333,0.0,29.0,Pro,DevTools,IN,20,False
A-1e50e0,2023-04-30,24,3384,0,1,134,34432,18,7,158,45952,18,8,-31.0,-0.2296296296296296,-9.0,-6,0,68,3.1,0.0,26.33333333333333,Pro,Cybersecurity,DE,19,True
A-1e50e0,2023-07-31,18,3168,2,1,18,3168,2,1,152,37600,20,8,18.0,0.9473684210526316,2.0,0,0,160,6.166666666666667,0.0,25.33333333333333,Pro,Cybersecurity,DE,19,True
A-1f7acb,2023-09-30,22,8503,1,2,80,31564,12,8,114,44721,14,11,-7.0,-0.0864197530864197,-4.5,-6,0,55,8.233333333333333,0.0,19.0,Basic,FinTech,UK,64,True
A-271f46,2023-04-30,5,2045,0,1,37,7958,2,4,37,7958,2,4,-11.0,-0.2894736842105263,-1.0,-3,0,80,2.466666666666667,0.0,6.166666666666667,Pro,DevTools,US,38,False
A-271f46,2023-05-31,11,5016,0,1,33,11009,0,4,48,12974,2,5,0.0,0.0,0.0,-3,0,111,3.5,0.0,8.0,Pro,DevTools,US,38,False
A-271f46,2023-06-30,7,644,0,1,23,7705,0,3,55,13618,2,6,-1.0,-0.0416666666666666,0.0,-2,0,141,4.5,0.0,9.166666666666666,Pro,DevTools,US,38,False
A-271f46,2023-07-31,22,11094,0,2,40,16754,0,4,77,24712,2,8,13.0,0.3170731707317073,0.0,-2,0,172,5.533333333333333,0.0,12.833333333333334,Pro,DevTools,US,38,False
A-271f46,2023-08-31,6,822,0,1,35,12560,0,4,68,23569,0,8,-8.5,-0.2361111111111111,0.0,-3,0,203,6.566666666666666,0.0,11.333333333333334,Pro,DevTools,US,38,False
A-297a2d,2023-09-30,13,1092,1,1,31,3855,4,3,47,5310,4,5,4.0,0.125,-0.5,-2,0,148,8.733333333333333,0.0,7.833333333333333,Pro,HealthTech,UK,27,False
A-2bc93d,2023-08-31,11,2849,0,1,53,10969,1,5,134,41281,8,13,-10.0,-0.1851851851851851,-0.5,-4,0,170,8.066666666666666,0.0,22.33333333333333,Basic,HealthTech,US,14,False
A-2bc93d,2023-09-30,14,4925,0,2,59,14142,1,6,126,38394,5,12,-8.5,-0.1416666666666666,-0.5,-4,0,200,9.066666666666666,0.0,21.0,Basic,HealthTech,US,14,False
A-2e3bad,2023-09-30,33,9440,1,3,87,20042,3,7,137,37573,3,11,6.0,0.0681818181818181,0.0,-4,0,48,9.033333333333331,0.0,22.83333333333333,Pro,FinTech,CA,61,False
A-2ebb4b,2023-07-31,33,1485,3,1,57,14661,3,2,246,52830,6,9,21.0,0.3620689655172414,3.0,-1,1,77,6.833333333333333,0.0,41.0,Basic,HealthTech,US,41,False
A-2ebb4b,2023-08-31,18,6900,0,1,29,7395,1,2,75,17986,2,7,12.5,0.4166666666666667,-0.5,-1,0,108,7.866666666666666,0.0,12.5,Basic,HealthTech,US,41,False
A-2ebb4b,2023-09-30,25,5961,3,3,54,13356,4,5,93,21063,5,9,10.5,0.1909090909090909,2.5,-2,0,138,8.866666666666667,0.0,15.5,Basic,HealthTech,US,41,False
A-32728c,2023-06-30,48,8712,0,3,70,18282,2,4,256,66940,16,9,37.0,0.5211267605633803,-1.0,-1,0,178,5.833333333333333,0.0,42.66666666666666,Pro,DevTools,US,20,False
A-32728c,2023-07-31,22,2816,4,1,70,11528,4,4,218,53954,10,8,-2.0,-0.028169014084507,4.0,-3,0,209,6.866666666666666,0.0,36.333333333333336,Pro,DevTools,US,20,False
A-32728c,2023-08-31,64,16678,2,3,134,28206,6,7,202,57684,8,9,29.0,0.2148148148148148,0.0,-4,0,240,7.9,0.0,33.666666666666664,Pro,DevTools,US,20,False
A-32728c,2023-09-30,28,4704,2,1,114,24198,8,5,184,42480,10,9,-15.0,-0.1304347826086956,-1.0,-4,0,270,8.9,0.0,30.666666666666668,Pro,DevTools,US,20,False
A-328bd0,2023-09-30,19,397,0,2,75,15895,4,6,151,35453,13,12,-9.0,-0.1184210526315789,-2.0,-4,0,137,8.966666666666667,0.0,25.166666666666668,Enterprise,HealthTech,AU,18,False
A-32fb14,2023-08-31,114,33366,0,5,242,59462,0,9,394,104710,6,15,50.0,0.205761316872428,0.0,-4,0,177,7.7,0.0,65.66666666666667,Enterprise,DevTools,US,26,False
A-32fb14,2023-09-30,14,6538,6,1,218,53066,6,9,308,84836,12,14,-88.0,-0.4018264840182648,6.0,-8,0,207,8.7,0.0,51.333333333333336,Enterprise,DevTools,US,26,False
A-337bc1,2023-09-30,16,3024,0,1,86,30646,2,4,220,75158,20,10,-19.0,-0.2183908045977011,-1.0,-3,1,73,8.833333333333334,0.0,36.66666666666666,Pro,Cybersecurity,US,30,True
A-35083d,2023-07-31,57,17826,2,4,103,38184,6,7,223,61456,15,13,34.0,0.3269230769230769,0.0,-3,0,94,6.866666666666666,0.0,37.16666666666666,Basic,HealthTech,IN,19,False
A-35083d,2023-08-31,32,10558,3,2,101,34720,5,6,213,61200,17,13,-2.5,-0.0245098039215686,2.0,-4,0,125,7.9,0.0,35.5,Basic,HealthTech,IN,19,False
A-35083d,2023-09-30,64,16612,0,5,153,44996,5,10,277,77812,17,16,19.5,0.1266233766233766,-2.5,-5,0,155,8.9,0.0,46.16666666666666,Basic,HealthTech,IN,19,False
A-3b37d9,2023-05-31,52,6180,0,2,128,43112,2,5,182,59684,4,8,14.0,0.1085271317829457,-1.0,-3,0,124,3.8666666666666663,0.0,30.33333333333333,Enterprise,FinTech,US,23,False
A-3b37d9,2023-07-31,44,15316,0,2,96,21496,0,4,226,75000,4,9,18.0,0.1855670103092783,0.0,-2,0,185,5.9,0.0,37.66666666666666,Enterprise,FinTech,US,23,False
A-3b37d9,2023-08-31,38,12874,8,2,82,28190,8,2,210,71302,10,7,16.0,0.1927710843373494,8.0,0,0,216,6.933333333333334,0.0,35.0,Enterprise,FinTech,US,23,False
A-3b37d9,2023-09-30,50,10680,4,3,132,38870,12,5,198,49810,12,8,9.0,0.0676691729323308,0.0,-2,0,246,7.933333333333334,0.0,33.0,Enterprise,FinTech,US,23,False
A-3c1a3f,2023-09-30,19,2281,0,2,95,30246,3,7,156,54990,5,11,-19.0,-0.1979166666666666,-1.5,-5,0,35,8.766666666666667,0.0,26.0,Pro,DevTools,UK,1,False
A-40de06,2023-07-31,72,14651,0,7,167,40681,8,15,242,63520,11,19,24.5,0.1458333333333333,-4.0,-8,0,84,6.0,0.0,40.333333333333336,Enterprise,Cybersecurity,US,28,False
A-40de06,2023-08-31,52,24601,4,5,164,44494,7,15,278,83707,12,21,-4.0,-0.0242424242424242,2.5,-10,0,115,7.033333333333333,0.0,46.333333333333336,Enterprise,Cybersecurity,US,28,False
A-40de06,2023-09-30,68,22854,6,6,192,62106,10,15,324,99884,18,23,6.0,0.0310880829015544,4.0,-9,0,145,8.033333333333333,0.0,54.0,Enterprise,Cybersecurity,US,28,False
A-417d2f,2023-08-31,20,6504,1,2,113,32150,3,10,163,45159,9,14,-26.5,-0.2324561403508772,0.0,-8,0,58,7.9,0.0,27.166666666666668,Pro,Cybersecurity,IN,4,True
A-417d2f,2023-09-30,31,11601,3,4,117,37763,4,11,194,56760,12,17,-12.0,-0.1016949152542373,2.5,-7,0,88,8.9,0.0,32.333333333333336,Pro,Cybersecurity,IN,4,True
A-425e76,2023-08-31,54,24588,0,2,174,58896,0,6,408,112971,12,11,-6.0,-0.0342857142857142,0.0,-4,1,106,7.9,0.0,68.0,Enterprise,DevTools,UK,8,False
A-425e76,2023-09-30,92,27510,4,5,128,43902,4,7,322,88642,8,14,74.0,0.5736434108527132,4.0,-2,0,136,8.9,0.0,53.66666666666666,Enterprise,DevTools,UK,8,False
A-432483,2023-06-30,31,8407,1,3,38,12159,3,4,87,23384,8,6,27.5,0.7051282051282052,0.0,-1,0,144,5.466666666666667,0.0,14.5,Pro,Cybersecurity,US,4,False
A-432483,2023-08-31,18,7992,0,2,49,16399,1,5,75,27016,7,8,2.5,0.05,-0.5,-3,0,206,7.533333333333333,0.0,12.5,Pro,Cybersecurity,US,4,False
A-45ce7a,2023-09-30,8,2184,0,1,50,14420,3,4,58,15276,3,5,-13.0,-0.2549019607843137,-1.5,-3,0,69,9.066666666666666,0.0,9.666666666666666,Enterprise,FinTech,US,16,False
A-484819,2023-03-31,76,27084,4,3,170,58572,12,7,170,58572,12,7,29.0,0.1695906432748538,0.0,-4,0,38,2.433333333333333,0.0,28.33333333333333,Pro,HealthTech,US,18,False
A-484819,2023-04-30,54,19728,6,2,146,53260,10,6,224,78300,18,9,8.0,0.0544217687074829,4.0,-4,0,68,3.433333333333333,0.0,37.333333333333336,Pro,HealthTech,US,18,False
A-484819,2023-05-31,36,8964,0,2,166,55776,10,7,260,87264,18,10,-29.0,-0.1736526946107784,-5.0,-5,1,99,4.466666666666667,0.0,43.333333333333336,Pro,HealthTech,US,18,False
A-484819,2023-08-31,11,5346,1,1,11,5346,1,1,94,33234,6,8,11.0,0.9166666666666666,1.0,0,0,191,7.533333333333333,0.0,15.666666666666666,Pro,HealthTech,US,18,False
A-484819,2023-09-30,7,651,3,1,18,5997,4,2,63,20343,7,6,1.5,0.0789473684210526,2.5,-1,0,221,8.533333333333333,0.0,10.5,Pro,HealthTech,US,18,False
A-49b828,2023-06-30,20,3490,0,2,97,20698,8,8,216,56683,18,16,-18.5,-0.1887755102040816,-4.0,-6,0,56,5.9,0.0,36.0,Pro,FinTech,IN,6,False
A-49b828,2023-07-31,13,3745,0,2,70,14864,3,5,182,45157,16,12,-15.5,-0.2183098591549295,-1.5,-3,0,87,6.933333333333334,0.0,30.33333333333333,Pro,FinTech,IN,6,False
A-49b828,2023-08-31,18,1836,1,2,51,9071,1,6,168,40459,14,13,1.5,0.0288461538461538,1.0,-4,0,118,7.966666666666667,0.0,28.0,Pro,FinTech,IN,6,False
A-49b828,2023-09-30,23,6267,3,3,54,11848,4,6,151,32546,12,11,7.5,0.1363636363636363,2.5,-3,0,148,8.966666666666667,0.0,25.166666666666668,Pro,FinTech,IN,6,False
A-4a4c2d,2023-08-31,29,9371,0,3,92,27787,6,9,160,50032,7,14,-2.5,-0.0268817204301075,-3.0,-6,0,121,7.5,0.0,26.666666666666668,Enterprise,DevTools,US,54,False
A-4a4c2d,2023-09-30,65,14906,6,5,125,35443,11,11,206,57473,13,16,35.0,0.2777777777777778,3.5,-6,0,151,8.5,0.0,34.333333333333336,Enterprise,DevTools,US,54,False
A-52dd88,2023-04-30,26,9356,0,3,111,48590,6,10,111,48590,6,10,-16.5,-0.1473214285714285,-3.0,-7,0,68,2.7333333333333334,0.0,18.5,Pro,Cybersecurity,US,23,False
A-52dd88,2023-05-31,54,19760,4,5,117,45253,5,11,165,68350,10,14,22.5,0.1906779661016949,3.5,-6,0,99,3.7666666666666666,0.0,27.5,Pro,Cybersecurity,US,23,False
A-52dd88,2023-06-30,13,4598,2,2,93,33714,6,9,178,72948,12,15,-27.0,-0.2872340425531915,0.0,-7,0,129,4.766666666666667,0.0,29.666666666666668,Pro,Cybersecurity,US,23,False
A-52dd88,2023-08-31,53,21659,5,4,66,26257,7,6,183,71510,12,15,46.5,0.6940298507462687,4.0,-2,0,191,6.833333333333333,0.0,30.5,Pro,Cybersecurity,US,23,False
A-52dd88,2023-09-30,11,5753,0,1,64,27412,5,5,157,61126,11,12,-15.5,-0.2384615384615384,-2.5,-4,0,221,7.833333333333333,0.0,26.166666666666668,Pro,Cybersecurity,US,23,False
A-54ecc2,2023-09-30,177,70404,9,5,333,133164,36,8,624,205512,45,11,99.0,0.2964071856287425,-4.5,-3,0,111,8.733333333333333,0.0,104.0,Enterprise,Cybersecurity,US,4,False
A-558c72,2023-07-31,22,3906,2,2,56,19484,5,5,56,19484,5,5,5.0,0.087719298245614,0.5,-3,0,60,6.966666666666667,0.0,9.333333333333334,Basic,FinTech,US,12,False
A-558c72,2023-08-31,21,5935,3,2,54,14912,5,5,77,25419,8,7,4.5,0.0818181818181818,2.0,-3,0,91,8.0,0.0,12.833333333333334,Basic,FinTech,US,12,False
A-558c72,2023-09-30,38,11118,1,4,81,20959,6,8,115,36537,9,10,16.5,0.2012195121951219,-1.5,-4,0,121,9.0,0.0,19.166666666666668,Basic,FinTech,US,12,False
A-68f37c,2023-08-31,112,42092,20,3,352,98492,40,9,668,221400,64,14,-8.0,-0.0226628895184136,10.0,-6,0,47,7.733333333333333,0.0,111.33333333333331,Basic,HealthTech,US,4,False
A-68f37c,2023-09-30,44,11000,0,1,328,105376,24,7,592,189308,44,12,-98.0,-0.2978723404255319,-12.0,-6,0,77,8.733333333333333,0.0,98.66666666666669,Basic,HealthTech,US,4,False
A-69fad4,2023-08-31,12,2832,1,1,95,26910,6,7,137,39391,8,11,-29.5,-0.3072916666666667,-1.5,-6,0,147,8.0,0.0,22.83333333333333,Basic,FinTech,UK,6,False
A-69fad4,2023-09-30,9,2241,2,1,70,20582,5,6,132,38422,10,11,-21.5,-0.3028169014084507,0.5,-5,0,177,9.0,0.0,22.0,Basic,FinTech,UK,6,False
A-6a4e2d,2023-06-30,22,5029,0,2,54,15809,1,5,105,28588,6,10,6.0,0.109090909090909,-0.5,-3,0,84,5.566666666666666,0.0,17.5,Pro,EdTech,UK,9,False
A-6a4e2d,2023-07-31,41,9922,1,4,86,21537,2,7,126,35110,7,9,18.5,0.2126436781609195,0.5,-3,0,115,6.6,0.0,21.0,Pro,EdTech,UK,9,False
A-6a4e2d,2023-08-31,16,3600,0,1,79,18551,1,7,135,37863,7,10,-15.5,-0.19375,-0.5,-6,0,146,7.633333333333334,0.0,22.5,Pro,EdTech,UK,9,False
A-6a4e2d,2023-09-30,25,995,0,2,82,14517,1,7,136,30326,2,11,-3.5,-0.0421686746987951,-0.5,-5,0,176,8.633333333333333,0.0,22.666666666666668,Pro,EdTech,UK,9,False
A-6c093d,2023-05-31,22,9114,0,2,50,16494,1,5,123,40362,7,10,8.0,0.1568627450980392,-0.5,-3,0,47,4.8,0.0,20.5,Basic,DevTools,US,7,True
A-6c093d,2023-06-30,10,3260,0,1,42,12554,1,4,133,43622,7,11,-6.0,-0.1395348837209302,-0.5,-3,0,77,5.8,0.0,22.166666666666668,Basic,DevTools,US,7,True
A-6c093d,2023-07-31,28,8229,0,2,60,20603,0,5,121,39101,3,10,12.0,0.1967213114754098,0.0,-3,0,108,6.833333333333333,0.0,20.166666666666668,Basic,DevTools,US,7,True
A-6c093d,2023-08-31,59,17858,5,5,97,29347,5,7,147,45841,6,10,40.0,0.4081632653061224,5.0,-2,0,139,7.866666666666666,0.0,24.5,Basic,DevTools,US,7,True
A-6c093d,2023-09-30,13,1625,0,1,100,27712,5,7,142,40266,6,10,-30.5,-0.3019801980198019,-2.5,-6,0,169,8.866666666666667,0.0,23.666666666666668,Basic,DevTools,US,7,True
A-6e08f3,2023-08-31,35,11155,0,3,52,18265,5,5,97,35943,7,9,26.5,0.5,-2.5,-2,0,185,7.833333333333333,0.0,16.166666666666668,Basic,Cybersecurity,US,8,False
A-6e08f3,2023-09-30,19,5434,0,2,61,17989,3,6,91,29148,6,9,-2.0,-0.032258064516129,-1.5,-4,0,215,8.833333333333334,0.0,15.166666666666666,Basic,Cybersecurity,US,8,False
A-6e7827,2023-07-31,60,23844,4,3,114,37848,4,6,254,81846,14,12,33.0,0.2869565217391304,4.0,-3,0,127,5.666666666666667,0.0,42.333333333333336,Basic,DevTools,US,1,False
A-6e7827,2023-09-30,27,12246,3,3,57,24168,5,4,114,40764,6,10,12.0,0.2068965517241379,2.0,-1,0,188,7.7,0.0,19.0,Basic,DevTools,US,1,False
A-712533,2023-09-30,16,6313,0,2,27,12253,0,3,121,55386,6,10,10.5,0.375,0.0,-1,0,61,9.033333333333331,0.0,20.166666666666668,Pro,EdTech,US,18,False
A-726cfa,2023-08-31,41,13296,3,3,168,48144,13,15,287,81306,19,21,-22.5,-0.1331360946745562,-2.0,-12,0,61,7.533333333333333,0.0,47.833333333333336,Pro,DevTools,US,11,False
A-726cfa,2023-09-30,31,6151,1,3,149,41497,8,13,300,82561,19,21,-28.0,-0.1866666666666666,-2.5,-10,0,91,8.533333333333333,0.0,50.0,Pro,DevTools,US,11,False
A-7641d3,2023-05-31,44,8976,2,3,198,51990,6,8,250,75534,6,9,-33.0,-0.1658291457286432,0.0,-5,0,104,4.633333333333334,0.0,41.66666666666666,Pro,EdTech,US,8,True
A-7641d3,2023-06-30,50,20544,10,3,228,72254,16,10,300,96078,16,12,-39.0,-0.1703056768558952,7.0,-7,0,134,5.633333333333334,0.0,50.0,Pro,EdTech,US,8,True
A-7641d3,2023-07-31,16,3136,0,1,110,32656,12,7,292,88606,16,13,-31.0,-0.2792792792792792,-6.0,-6,0,165,6.666666666666667,0.0,48.66666666666666,Pro,EdTech,US,8,True
A-7641d3,2023-08-31,74,24316,2,3,140,47996,12,7,338,99986,18,14,41.0,0.2907801418439716,-3.0,-4,0,196,7.7,0.0,56.333333333333336,Pro,EdTech,US,8,True
A-7641d3,2023-09-30,42,5110,0,2,132,32562,2,6,360,104816,18,14,-3.0,-0.0225563909774436,-1.0,-4,0,226,8.7,0.0,60.0,Pro,EdTech,US,8,True
A-779e4e,2023-02-28,34,10263,0,4,83,24075,1,9,83,24075,1,9,9.5,0.1130952380952381,-0.5,-5,0,57,1.7666666666666666,0.0,13.833333333333334,Basic,HealthTech,US,5,False
A-779e4e,2023-03-31,25,7285,2,3,108,31360,3,11,108,31360,3,11,-16.5,-0.1513761467889908,1.5,-8,0,88,2.8,0.0,18.0,Basic,HealthTech,US,5,False
A-779e4e,2023-04-30,31,8896,1,4,90,26444,3,10,139,40256,4,15,1.5,0.0164835164835164,0.0,-6,0,118,3.8,0.0,23.166666666666668,Basic,HealthTech,US,5,False
A-779e4e,2023-05-31,7,2023,0,1,63,18204,3,8,146,42279,4,16,-21.0,-0.328125,-1.5,-7,0,149,4.833333333333333,0.0,24.33333333333333,Basic,HealthTech,US,5,False
A-779e4e,2023-06-30,7,56,0,1,45,10975,1,6,153,42335,4,17,-12.0,-0.2608695652173913,-0.5,-5,0,179,5.833333333333333,0.0,25.5,Basic,HealthTech,US,5,False
A-779e4e,2023-07-31,37,14040,2,4,51,16119,2,6,141,42563,5,15,30.0,0.5769230769230769,2.0,-2,0,210,6.866666666666666,0.0,23.5,Basic,HealthTech,US,5,False
A-779e4e,2023-08-31,5,2665,0,1,49,16761,2,6,112,34965,5,14,-17.0,-0.34,-1.0,-5,0,241,7.9,0.0,18.666666666666668,Basic,HealthTech,US,5,False
A-779e4e,2023-09-30,11,3971,0,1,53,20676,2,6,98,31651,3,12,-10.0,-0.1851851851851851,-1.0,-5,0,271,8.9,0.0,16.333333333333332,Basic,HealthTech,US,5,False
A-794a0b,2023-09-30,27,7127,8,3,35,7519,8,4,46,10184,8,6,23.0,0.6388888888888888,8.0,-1,0,120,8.566666666666666,0.0,7.666666666666667,Basic,HealthTech,DE,23,False
A-7c4956,2023-07-31,25,7083,3,2,83,13527,6,7,145,34027,13,12,-4.0,-0.0476190476190476,1.5,-5,0,86,6.466666666666667,0.0,24.166666666666668,Enterprise,DevTools,US,5,False
A-7c4956,2023-08-31,11,187,0,1,75,10885,4,7,123,20330,6,10,-21.0,-0.2763157894736842,-2.0,-6,0,117,7.5,0.0,20.5,Enterprise,DevTools,US,5,False
A-7c4956,2023-09-30,24,3600,1,2,60,10870,4,5,118,17314,7,10,6.0,0.0983606557377049,-0.5,-3,0,147,8.5,0.0,19.666666666666668,Enterprise,DevTools,US,5,False
A-7df7a7,2023-03-31,50,7080,3,4,125,35714,3,12,125,35714,3,12,12.5,0.0992063492063492,3.0,-8,0,62,2.9,0.0,20.83333333333333,Basic,DevTools,US,7,False
A-7df7a7,2023-04-30,7,2954,0,1,92,22650,3,8,132,38668,3,12,-35.5,-0.3817204301075269,-1.5,-7,0,92,3.9,0.0,22.0,Basic,DevTools,US,7,False
A-7df7a7,2023-05-31,43,12413,4,3,100,22447,7,7,175,51081,7,14,14.5,0.1435643564356435,2.5,-4,0,123,4.933333333333334,0.0,29.166666666666668,Basic,DevTools,US,7,False
A-7df7a7,2023-06-30,64,10813,2,7,114,26180,6,9,239,61894,9,17,39.0,0.3391304347826087,0.0,-2,0,153,5.933333333333334,0.0,39.833333333333336,Basic,DevTools,US,7,False
A-7df7a7,2023-07-31,58,19411,0,5,165,42637,6,11,257,65287,9,16,4.5,0.0271084337349397,-3.0,-6,0,184,6.966666666666667,0.0,42.833333333333336,Basic,DevTools,US,7,False
A-7df7a7,2023-08-31,32,8057,0,2,154,38281,2,12,254,60728,9,16,-29.0,-0.1870967741935484,-1.0,-10,0,215,8.0,0.0,42.333333333333336,Basic,DevTools,US,7,False
A-7df7a7,2023-09-30,42,11076,0,3,132,38544,0,10,246,64724,6,17,-3.0,-0.0225563909774436,0.0,-7,0,245,9.0,0.0,41.0,Basic,DevTools,US,7,False
A-7f6b86,2023-09-30,28,11954,1,2,46,14699,1,4,106,35226,2,8,19.0,0.4042553191489361,1.0,-2,0,37,8.6,0.0,17.666666666666668,Basic,HealthTech,US,45,True
A-7f8241,2023-04-30,79,26294,5,6,130,43356,5,12,181,60144,6,15,53.5,0.4083969465648855,5.0,-6,0,47,3.966666666666667,0.0,30.166666666666668,Pro,EdTech,US,34,False
A-7f8241,2023-05-31,36,11124,1,3,147,47482,6,12,217,71268,7,17,-19.5,-0.1317567567567567,-1.5,-9,0,78,5.0,0.0,36.16666666666666,Pro,EdTech,US,34,False
A-7f8241,2023-07-31,54,22017,2,5,90,33141,3,8,220,76497,8,17,36.0,0.3956043956043956,1.5,-3,0,139,7.033333333333333,0.0,36.66666666666666,Pro,EdTech,US,34,False
A-7f8241,2023-09-30,8,1088,0,1,62,23105,2,6,177,60523,8,13,-19.0,-0.3015873015873015,-1.0,-5,0,200,9.066666666666666,0.0,29.5,Pro,EdTech,US,34,False
A-80eeb6,2023-08-31,46,12886,6,3,212,72416,12,11,352,101940,20,16,-37.0,-0.1737089201877934,3.0,-8,0,114,7.333333333333333,0.0,58.66666666666666,Enterprise,Cybersecurity,UK,22,False
A-80eeb6,2023-09-30,42,23622,0,2,142,59126,6,8,376,121278,20,17,-8.0,-0.0559440559440559,-3.0,-6,1,144,8.333333333333334,0.0,62.66666666666666,Enterprise,Cybersecurity,UK,22,False
A-84ebe4,2023-06-30,30,5220,0,1,78,18300,8,3,142,28564,12,5,6.0,0.0759493670886076,-4.0,-2,0,110,4.5,0.0,23.666666666666668,Pro,FinTech,US,18,True
A-84ebe4,2023-07-31,68,23778,10,5,122,29238,14,7,210,52342,22,10,41.0,0.3333333333333333,8.0,-2,0,141,5.533333333333333,0.0,35.0,Pro,FinTech,US,18,True
A-84ebe4,2023-08-31,12,1920,0,1,110,30918,10,7,158,43998,18,9,-37.0,-0.3333333333333333,-5.0,-6,0,172,6.566666666666666,0.0,26.33333333333333,Pro,FinTech,US,18,True
A-84ebe4,2023-09-30,18,972,2,1,98,26670,12,6,176,44970,20,9,-22.0,-0.2222222222222222,-3.0,-5,0,202,7.566666666666666,0.0,29.33333333333333,Pro,FinTech,US,18,True
A-86902e,2023-09-30,48,11765,5,3,58,13805,6,4,140,46276,9,10,43.0,0.7288135593220338,4.5,-1,0,151,8.666666666666666,0.0,23.33333333333333,Enterprise,HealthTech,IN,34,False
A-8ed5dd,2023-09-30,36,11030,6,2,94,33242,8,4,296,83582,28,11,7.0,0.0736842105263157,5.0,-2,0,93,8.533333333333333,0.0,49.333333333333336,Enterprise,EdTech,UK,5,False
A-91e948,2023-09-30,13,5902,3,1,64,21351,6,5,102,35762,6,9,-12.5,-0.1923076923076923,1.5,-4,0,244,8.1,0.0,17.0,Basic,EdTech,AU,41,False
A-9208f0,2023-06-30,28,12544,0,1,80,25636,4,3,336,105660,12,7,2.0,0.0246913580246913,-2.0,-2,0,50,5.833333333333333,0.0,56.0,Pro,EdTech,US,1,False
A-9208f0,2023-07-31,24,8136,0,1,80,31180,0,3,276,95864,4,7,-4.0,-0.0493827160493827,0.0,-2,0,81,6.866666666666666,0.0,46.0,Pro,EdTech,US,1,False
A-9208f0,2023-08-31,100,8340,4,2,152,29020,4,4,336,82004,8,9,74.0,0.4836601307189542,4.0,-2,0,112,7.9,0.0,56.0,Pro,EdTech,US,1,False
A-9208f0,2023-09-30,40,9760,0,1,164,26236,4,4,244,51872,8,7,-22.0,-0.1333333333333333,-2.0,-3,0,142,8.9,0.0,40.66666666666666,Pro,EdTech,US,1,False
A-94d3da,2023-07-31,38,12163,1,5,89,30775,4,11,141,49802,5,14,12.5,0.1388888888888889,-0.5,-6,0,89,6.833333333333333,0.0,23.5,Basic,HealthTech,US,41,False
A-94d3da,2023-08-31,28,2028,4,2,100,26005,6,11,159,46250,9,16,-8.0,-0.0792079207920792,3.0,-9,0,120,7.866666666666666,0.0,26.5,Basic,HealthTech,US,41,False
A-94d3da,2023-09-30,37,10761,1,3,103,24952,6,9,188,52683,10,16,4.0,0.0384615384615384,-1.5,-6,0,150,8.866666666666667,0.0,31.33333333333333,Basic,HealthTech,US,41,False
A-95b24a,2023-08-31,34,14235,0,3,145,41551,4,13,232,68730,7,20,-21.5,-0.1472602739726027,-2.0,-10,0,86,7.166666666666667,0.0,38.66666666666666,Pro,FinTech,US,38,False
A-95b24a,2023-09-30,18,6656,6,1,105,35988,6,10,241,72596,13,21,-25.5,-0.240566037735849,6.0,-9,0,116,8.166666666666666,0.0,40.16666666666666,Pro,FinTech,US,38,False
A-977ca0,2023-03-31,33,9327,7,4,89,27899,15,10,89,27899,15,10,5.0,0.0555555555555555,3.0,-6,0,39,2.7666666666666666,0.0,14.833333333333334,Basic,HealthTech,IN,6,False
A-977ca0,2023-04-30,22,9671,0,2,70,26906,7,8,111,37570,15,12,-2.0,-0.028169014084507,-3.5,-6,0,69,3.7666666666666666,0.0,18.5,Basic,HealthTech,IN,6,False
A-977ca0,2023-05-31,33,9016,1,3,88,28014,8,9,144,46586,16,15,5.5,0.0617977528089887,-2.5,-6,0,100,4.8,0.0,24.0,Basic,HealthTech,IN,6,False
A-977ca0,2023-06-30,31,5386,1,3,86,24073,2,7,175,51972,17,16,3.5,0.0402298850574712,0.5,-4,0,130,5.8,0.0,29.166666666666668,Basic,HealthTech,IN,6,False
A-977ca0,2023-07-31,49,16014,0,5,113,30416,2,10,183,57322,9,17,17.0,0.1491228070175438,-1.0,-5,0,161,6.833333333333333,0.0,30.5,Basic,HealthTech,IN,6,False
A-977ca0,2023-08-31,36,3270,4,3,116,24670,5,10,204,52684,13,16,-4.0,-0.0341880341880341,3.5,-7,0,192,7.866666666666666,0.0,34.0,Basic,HealthTech,IN,6,False
A-977ca0,2023-09-30,46,13567,3,3,131,32851,7,9,217,56924,9,15,3.5,0.0265151515151515,1.0,-6,0,222,8.866666666666667,0.0,36.16666666666666,Basic,HealthTech,IN,6,False
A-993085,2023-09-30,53,12169,8,5,111,31033,12,9,188,64864,22,15,24.0,0.2142857142857142,6.0,-4,0,121,8.633333333333333,0.0,31.33333333333333,Basic,HealthTech,US,31,True
A-9affe6,2023-05-31,30,11033,0,3,56,21969,1,5,82,31933,3,8,17.0,0.2982456140350877,-0.5,-2,0,70,4.333333333333333,0.0,13.666666666666666,Pro,Cybersecurity,US,7,False
A-9affe6,2023-06-30,23,5999,0,2,71,23944,1,7,105,37932,3,10,-1.0,-0.0138888888888888,-0.5,-5,0,100,5.333333333333333,0.0,17.5,Pro,Cybersecurity,US,7,False
A-9affe6,2023-07-31,19,5988,2,2,72,23020,2,7,116,39976,5,10,-7.5,-0.1027397260273972,2.0,-5,0,131,6.366666666666666,0.0,19.33333333333333,Pro,Cybersecurity,US,7,False
A-9affe6,2023-08-31,23,8660,0,2,65,20647,2,6,121,42616,3,10,2.0,0.0303030303030303,-1.0,-4,0,162,7.4,0.0,20.166666666666668,Pro,Cybersecurity,US,7,False
A-9affe6,2023-09-30,36,10947,1,3,78,25595,3,7,149,49539,4,10,15.0,0.189873417721519,0.0,-4,0,192,8.4,0.0,24.83333333333333,Pro,Cybersecurity,US,7,False
A-9ee962,2023-07-31,46,13618,2,5,86,23566,2,8,123,32672,6,12,26.0,0.2988505747126437,2.0,-3,0,153,6.4,0.0,20.5,Basic,HealthTech,US,9,False
A-9ee962,2023-08-31,11,3454,0,1,97,27020,2,9,109,30116,2,11,-32.0,-0.3265306122448979,-1.0,-8,0,184,7.433333333333334,0.0,18.166666666666668,Basic,HealthTech,US,9,False
A-a1bbb6,2023-05-31,13,6344,0,1,71,27209,3,4,100,31845,4,6,-16.0,-0.2222222222222222,-1.5,-3,0,56,4.666666666666667,0.0,16.666666666666668,Basic,DevTools,CA,1,False
A-a1bbb6,2023-06-30,32,12782,4,4,56,23403,4,7,132,44627,8,9,20.0,0.3508771929824561,4.0,-3,0,86,5.666666666666667,0.0,22.0,Basic,DevTools,CA,1,False
A-a1bbb6,2023-09-30,20,8077,0,1,20,8077,0,1,76,31480,4,8,20.0,0.9523809523809524,0.0,0,0,178,8.733333333333333,0.0,12.666666666666666,Basic,DevTools,CA,1,False
A-a7bd4b,2023-04-30,23,4753,2,2,70,22766,10,7,93,26594,11,9,-0.5,-0.0070422535211267,-2.0,-5,0,74,3.9,0.0,15.5,Enterprise,Cybersecurity,US,5,False
A-a7bd4b,2023-05-31,34,9504,3,3,95,27635,11,8,127,36098,14,11,3.5,0.0364583333333333,-1.0,-5,0,105,4.933333333333334,0.0,21.166666666666668,Enterprise,Cybersecurity,US,5,False
A-a7bd4b,2023-06-30,15,6420,1,1,72,20677,6,6,142,42518,15,12,-13.5,-0.184931506849315,-1.5,-5,0,135,5.933333333333334,0.0,23.666666666666668,Enterprise,Cybersecurity,US,5,False
A-a7bd4b,2023-07-31,7,1309,2,1,56,17233,6,5,126,39999,16,11,-17.5,-0.3070175438596491,0.0,-4,0,166,6.966666666666667,0.0,21.0,Enterprise,Cybersecurity,US,5,False
A-a7bd4b,2023-08-31,18,4909,0,2,40,12638,3,4,135,40273,14,11,7.0,0.1707317073170731,-1.5,-2,0,197,8.0,0.0,22.5,Enterprise,Cybersecurity,US,5,False
A-a7bd4b,2023-09-30,9,2781,0,1,34,8999,2,4,106,29676,8,9,-3.5,-0.1,-1.0,-3,0,227,9.0,0.0,17.666666666666668,Enterprise,Cybersecurity,US,5,False
A-ad3abd,2023-04-30,10,5630,0,1,54,23663,0,5,65,28624,0,6,-12.0,-0.2181818181818181,0.0,-4,0,58,3.6,0.0,10.833333333333334,Pro,FinTech,US,44,False
A-ad3abd,2023-05-31,8,632,0,1,36,13587,0,4,73,29256,0,7,-6.0,-0.1621621621621621,0.0,-3,0,89,4.633333333333334,0.0,12.166666666666666,Pro,FinTech,US,44,False
A-ad3abd,2023-06-30,29,7976,4,3,47,14238,4,5,102,37232,4,10,20.0,0.4166666666666667,4.0,-2,1,119,5.633333333333334,0.0,17.0,Pro,FinTech,US,44,False
A-af0cd2,2023-03-31,68,26143,3,6,83,35113,3,7,83,35113,3,7,60.5,0.7202380952380952,3.0,-1,0,87,2.6666666666666665,0.0,13.833333333333334,Enterprise,Cybersecurity,IN,19,True
A-af0cd2,2023-04-30,32,15362,1,3,100,41505,4,7,115,50475,4,8,-2.0,-0.0198019801980198,-0.5,-4,0,117,3.6666666666666665,0.0,19.166666666666668,Enterprise,Cybersecurity,IN,19,True
A-af0cd2,2023-05-31,11,2708,0,1,111,44213,4,7,126,53183,4,8,-39.0,-0.3482142857142857,-2.0,-6,0,148,4.7,0.0,21.0,Enterprise,Cybersecurity,IN,19,True
A-af0cd2,2023-06-30,17,1978,1,3,60,20048,2,7,143,55161,5,11,-4.5,-0.0737704918032786,0.5,-4,0,178,5.7,0.0,23.83333333333333,Enterprise,Cybersecurity,IN,19,True
A-af0cd2,2023-07-31,33,13335,2,3,61,18021,3,7,161,59526,7,13,19.0,0.3064516129032258,1.5,-4,0,209,6.733333333333333,0.0,26.83333333333333,Enterprise,Cybersecurity,IN,19,True
A-af0cd2,2023-08-31,38,17130,0,3,88,32443,3,8,199,76656,7,14,13.0,0.146067415730337,-1.5,-5,0,240,7.766666666666667,0.0,33.166666666666664,Enterprise,Cybersecurity,IN,19,True
A-af0cd2,2023-09-30,29,10896,0,3,100,41361,2,9,160,61409,4,13,-6.5,-0.0643564356435643,-1.0,-6,1,270,8.766666666666667,0.0,26.666666666666668,Enterprise,Cybersecurity,IN,19,True
A-b11cd0,2023-03-31,19,6927,0,1,44,12589,2,3,44,12589,2,3,6.5,0.1444444444444444,-1.0,-2,0,70,2.6333333333333333,0.0,7.333333333333333,Pro,DevTools,US,26,True
A-b11cd0,2023-04-30,8,3040,0,1,36,11389,2,3,52,15629,2,4,-6.0,-0.1621621621621621,-1.0,-2,0,100,3.633333333333333,0.0,8.666666666666666,Pro,DevTools,US,26,True
A-b11cd0,2023-05-31,10,2600,0,1,37,12567,0,3,62,18229,2,5,-3.5,-0.0921052631578947,0.0,-2,0,131,4.666666666666667,0.0,10.333333333333334,Pro,DevTools,US,26,True
A-b11cd0,2023-06-30,14,2898,0,2,32,8538,0,4,76,21127,2,7,5.0,0.1515151515151515,0.0,-2,0,161,5.666666666666667,0.0,12.666666666666666,Pro,DevTools,US,26,True
A-b11cd0,2023-07-31,35,10545,4,3,59,16043,4,6,95,27432,6,9,23.0,0.3833333333333333,4.0,-3,0,192,6.7,0.0,15.833333333333334,Pro,DevTools,US,26,True
A-b11cd0,2023-08-31,6,2736,0,1,55,16179,4,6,92,28746,4,9,-18.5,-0.3303571428571428,-2.0,-5,0,223,7.733333333333333,0.0,15.333333333333334,Pro,DevTools,US,26,True
A-b11cd0,2023-09-30,19,9623,0,2,60,22904,4,6,92,31442,4,10,-1.5,-0.0245901639344262,-2.0,-4,0,253,8.733333333333333,0.0,15.333333333333334,Pro,DevTools,US,26,True
A-b7724f,2023-07-31,18,6426,3,1,99,27027,6,4,165,34896,9,7,-22.5,-0.225,1.5,-3,1,125,6.933333333333334,0.0,27.5,Basic,HealthTech,UK,1,False
A-b7724f,2023-08-31,38,6092,8,3,74,18584,10,5,148,29356,14,10,20.0,0.2666666666666666,7.0,-2,0,156,7.966666666666667,0.0,24.666666666666668,Basic,HealthTech,UK,1,False
A-b7724f,2023-09-30,44,12120,0,2,94,22496,10,6,164,37222,12,10,19.0,0.2,-5.0,-4,0,186,8.966666666666667,0.0,27.33333333333333,Basic,HealthTech,UK,1,False
A-b9f5b1,2023-04-30,34,6604,0,4,34,6604,0,4,69,16560,2,7,34.0,0.9714285714285714,0.0,0,0,96,3.633333333333333,0.0,11.5,Pro,Cybersecurity,US,15,True
A-b9f5b1,2023-05-31,12,3048,2,1,46,9652,2,5,81,19608,4,7,-5.0,-0.1063829787234042,2.0,-4,0,127,4.666666666666667,0.0,13.5,Pro,Cybersecurity,US,15,True
A-b9f5b1,2023-06-30,19,5481,3,2,65,15133,5,6,100,25089,7,8,-4.0,-0.0606060606060606,2.0,-4,1,157,5.666666666666667,0.0,16.666666666666668,Pro,Cybersecurity,US,15,True
A-bad8c1,2023-07-31,18,6369,0,2,70,25712,0,6,127,35752,4,12,-8.0,-0.1126760563380281,0.0,-4,0,152,6.5,0.0,21.166666666666668,Basic,FinTech,AU,7,False
A-bad8c1,2023-08-31,5,120,1,1,58,19661,1,6,116,34072,3,11,-21.5,-0.3644067796610169,1.0,-5,0,183,7.533333333333333,0.0,19.33333333333333,Basic,FinTech,AU,7,False
A-bad8c1,2023-09-30,16,1136,0,1,39,7625,1,4,111,31179,3,11,4.5,0.1125,-0.5,-3,1,213,8.533333333333333,0.0,18.5,Basic,FinTech,AU,7,False
A-bb2f49,2023-07-31,20,9414,0,2,88,33368,8,9,172,61651,10,16,-14.0,-0.1573033707865168,-4.0,-7,0,64,6.9,0.0,28.666666666666668,Pro,Cybersecurity,US,8,False
A-bb2f49,2023-08-31,23,7618,3,3,70,24834,3,7,144,51461,11,14,-0.5,-0.0070422535211267,3.0,-4,0,95,7.933333333333334,0.0,24.0,Pro,Cybersecurity,US,8,False
A-bb2f49,2023-09-30,18,6892,0,2,61,23924,3,6,134,48373,11,13,-3.5,-0.0564516129032258,-1.5,-4,0,125,8.933333333333334,0.0,22.33333333333333,Pro,Cybersecurity,US,8,False
A-bbe56f,2023-09-30,23,10591,0,2,23,10591,0,2,65,24701,0,5,23.0,0.9583333333333334,0.0,0,0,226,8.6,0.0,10.833333333333334,Enterprise,HealthTech,US,21,False
A-bcf664,2023-07-31,42,20958,0,1,207,69885,9,6,417,148824,18,11,-40.5,-0.1947115384615384,-4.5,-5,0,73,6.466666666666667,0.0,69.5,Pro,DevTools,US,5,False
A-bcf664,2023-08-31,75,33444,6,3,177,73662,6,4,456,161352,24,11,24.0,0.1348314606741573,6.0,-1,0,104,7.5,0.0,76.0,Pro,DevTools,US,5,False
A-bcf664,2023-09-30,135,44091,0,5,252,98493,6,8,540,179229,15,15,76.5,0.3023715415019762,-3.0,-3,0,134,8.5,0.0,90.0,Pro,DevTools,US,5,False
A-c4ea60,2023-06-30,7,658,0,1,30,9326,0,4,91,26662,3,11,-4.5,-0.1451612903225806,0.0,-3,0,113,5.166666666666667,0.0,15.166666666666666,Enterprise,FinTech,DE,18,False
A-c4ea60,2023-07-31,35,6995,1,3,42,7653,1,4,123,33048,4,12,31.5,0.7325581395348837,1.0,-1,0,144,6.2,0.0,20.5,Enterprise,FinTech,DE,18,False
A-c4ea60,2023-08-31,27,9213,0,2,69,16866,1,6,127,32674,1,11,6.0,0.0857142857142857,-0.5,-4,0,175,7.233333333333333,0.0,21.166666666666668,Enterprise,FinTech,DE,18,False
A-c4ea60,2023-09-30,14,4968,0,2,76,21176,1,7,106,30502,1,11,-17.0,-0.2207792207792207,-0.5,-5,0,205,8.233333333333333,0.0,17.666666666666668,Enterprise,FinTech,DE,18,False
A-c608c8,2023-07-31,39,13660,2,3,67,20678,7,6,116,34360,12,10,25.0,0.3676470588235294,-0.5,-3,0,95,5.533333333333333,0.0,19.33333333333333,Pro,DevTools,DE,3,False
A-c608c8,2023-08-31,11,6105,1,1,70,26615,4,6,94,30899,10,9,-18.5,-0.2605633802816901,-0.5,-5,0,126,6.566666666666666,0.0,15.666666666666666,Pro,DevTools,DE,3,False
A-c608c8,2023-09-30,44,11739,3,4,94,31504,6,8,122,38522,11,11,19.0,0.2,1.5,-4,0,156,7.566666666666666,0.0,20.33333333333333,Pro,DevTools,DE,3,False
A-c7e58b,2023-09-30,5,2255,0,1,26,6404,1,3,79,14509,5,7,-5.5,-0.2037037037037037,-0.5,-2,0,97,8.266666666666667,0.0,13.166666666666666,Pro,HealthTech,IN,3,False
A-c7ffc2,2023-07-31,46,15318,2,3,74,22226,2,4,147,42739,2,12,32.0,0.4266666666666667,2.0,-1,0,185,6.733333333333333,0.0,24.5,Pro,Cybersecurity,US,30,True
A-c7ffc2,2023-08-31,47,9502,0,5,93,24820,2,8,173,47587,2,14,24.0,0.2553191489361702,-1.0,-3,0,216,7.766666666666667,0.0,28.83333333333333,Pro,Cybersecurity,US,30,True
A-c7ffc2,2023-09-30,22,8102,1,2,115,32922,3,10,171,50128,3,13,-24.5,-0.2112068965517241,0.0,-8,0,246,8.766666666666667,0.0,28.5,Pro,Cybersecurity,US,30,True
A-cab532,2023-05-31,48,11370,2,5,133,30720,9,12,223,39553,12,18,5.5,0.0410447761194029,-1.5,-7,0,58,5.0,0.0,37.16666666666666,Pro,DevTools,FR,11,True
A-cab532,2023-06-30,23,6451,3,3,127,31150,11,13,246,46004,15,18,-29.0,-0.2265625,-1.0,-10,0,88,6.0,0.0,41.0,Pro,DevTools,FR,11,True
A-cab532,2023-07-31,79,22682,0,8,150,40503,5,13,271,62367,12,19,43.5,0.2880794701986754,-2.5,-5,0,119,7.033333333333333,0.0,45.16666666666666,Pro,DevTools,FR,11,True
A-cab532,2023-08-31,37,17968,1,3,139,47101,4,13,272,77821,13,19,-14.0,-0.1,-0.5,-10,0,150,8.066666666666666,0.0,45.333333333333336,Pro,DevTools,FR,11,True
A-cab532,2023-09-30,19,7130,1,1,135,47780,2,12,262,78930,13,19,-39.0,-0.2867647058823529,0.5,-11,0,180,9.066666666666666,0.0,43.66666666666666,Pro,DevTools,FR,11,True
A-cb6cc6,2023-08-31,13,1581,2,2,13,1581,2,2,39,14213,3,5,13.0,0.9285714285714286,2.0,0,0,150,8.033333333333333,0.0,6.5,Basic,DevTools,US,13,True
A-cbbe12,2023-08-31,16,2648,0,2,21,3618,0,3,54,8360,1,6,13.5,0.6136363636363636,0.0,-1,0,162,8.0,0.0,9.0,Enterprise,Cybersecurity,DE,40,False
A-cbbe12,2023-09-30,9,4761,0,1,30,8379,0,4,63,13121,1,6,-1.5,-0.0483870967741935,0.0,-3,0,192,9.0,0.0,10.5,Enterprise,Cybersecurity,DE,40,False
A-cc98bc,2023-06-30,19,9292,0,2,87,26268,5,8,164,48109,7,14,-15.0,-0.1704545454545454,-2.5,-6,0,37,4.566666666666666,0.0,27.33333333333333,Basic,DevTools,US,32,False
A-cc98bc,2023-07-31,70,19076,8,6,112,37043,8,10,234,67185,15,18,49.0,0.4336283185840708,8.0,-4,0,68,5.6,0.0,39.0,Basic,DevTools,US,32,False
A-cc98bc,2023-09-30,23,3903,0,2,93,22979,8,8,180,49247,13,13,-12.0,-0.1276595744680851,-4.0,-6,0,129,7.633333333333334,0.0,30.0,Basic,DevTools,US,32,False
A-d5a319,2023-07-31,12,6840,0,1,80,35747,3,6,231,91255,12,16,-22.0,-0.2716049382716049,-1.5,-5,0,88,6.733333333333333,0.0,38.5,Enterprise,FinTech,US,15,False
A-d5a319,2023-08-31,61,13819,2,7,101,35035,4,10,236,84731,9,18,41.0,0.4019607843137255,1.0,-3,0,119,7.766666666666667,0.0,39.333333333333336,Enterprise,FinTech,US,15,False
A-d5a319,2023-09-30,14,1935,2,2,87,22594,4,9,207,73765,9,15,-22.5,-0.2556818181818182,1.0,-7,0,149,8.766666666666667,0.0,34.5,Enterprise,FinTech,US,15,False
A-d792a6,2023-03-31,28,8344,0,1,122,34286,4,4,122,34286,4,4,-19.0,-0.1544715447154471,-2.0,-3,0,67,2.833333333333333,0.0,20.33333333333333,Enterprise,DevTools,US,4,False
A-d792a6,2023-04-30,14,4228,0,1,76,21354,4,3,136,38514,4,5,-17.0,-0.2207792207792207,-2.0,-2,0,97,3.8333333333333335,0.0,22.666666666666668,Enterprise,DevTools,US,4,False
A-d792a6,2023-05-31,36,6776,0,2,78,19348,0,4,172,45290,4,7,15.0,0.189873417721519,0.0,-2,0,128,4.866666666666666,0.0,28.666666666666668,Enterprise,DevTools,US,4,False
A-d792a6,2023-06-30,96,30958,4,5,146,41962,4,7,268,76248,8,10,71.0,0.4829931972789115,4.0,-2,0,158,5.866666666666666,0.0,44.66666666666666,Enterprise,DevTools,US,4,False
A-d792a6,2023-07-31,42,9572,0,2,174,47306,4,8,250,68660,8,10,-24.0,-0.1371428571428571,-2.0,-6,0,189,6.9,0.0,41.66666666666666,Enterprise,DevTools,US,4,False
A-d792a6,2023-08-31,82,20198,4,4,220,60728,8,9,298,80076,8,11,13.0,0.0588235294117647,2.0,-5,1,220,7.933333333333334,0.0,49.66666666666666,Enterprise,DevTools,US,4,False
A-d792a6,2023-09-30,10,1610,0,1,72,16495,2,7,145,37476,4,11,-21.0,-0.2876712328767123,-1.0,-6,0,250,8.933333333333334,0.0,24.166666666666668,Enterprise,DevTools,US,4,False
A-de58ca,2023-05-31,21,4758,0,2,69,18245,2,6,144,35335,9,13,-3.0,-0.0428571428571428,-1.0,-4,0,48,4.7,0.0,24.0,Enterprise,HealthTech,DE,15,False
A-de58ca,2023-06-30,18,6882,1,2,39,11640,1,4,162,42217,10,14,7.5,0.1875,1.0,-2,0,78,5.7,0.0,27.0,Enterprise,HealthTech,DE,15,False
A-de58ca,2023-07-31,19,8342,1,2,58,19982,2,6,174,50412,10,14,-0.5,-0.0084745762711864,0.5,-4,0,109,6.733333333333333,0.0,29.0,Enterprise,HealthTech,DE,15,False
A-de58ca,2023-08-31,11,6204,3,1,48,21428,5,5,117,39673,7,10,-7.5,-0.1530612244897959,2.0,-4,0,140,7.766666666666667,0.0,19.5,Enterprise,HealthTech,DE,15,False
A-de58ca,2023-09-30,6,1362,3,1,36,15908,7,3,75,27548,8,7,-9.0,-0.2432432432432432,1.0,-2,0,170,8.766666666666667,0.0,12.5,Enterprise,HealthTech,DE,15,False
A-df10db,2023-09-30,100,30544,4,4,234,61910,10,9,454,114128,12,14,33.0,0.1404255319148936,1.0,-5,0,116,8.566666666666666,0.0,75.66666666666667,Enterprise,DevTools,US,2,True
A-e1462e,2023-06-30,24,9168,6,1,32,11888,10,2,174,58938,20,7,20.0,0.6060606060606061,4.0,-1,0,110,5.6,0.0,29.0,Basic,FinTech,UK,15,False
A-e1462e,2023-08-31,78,23052,4,4,102,32220,10,5,184,62568,22,8,66.0,0.6407766990291263,1.0,-1,0,172,7.666666666666667,0.0,30.666666666666668,Basic,FinTech,UK,15,False
A-e19ff6,2023-09-30,78,21159,12,2,312,78351,24,9,408,103098,33,13,-39.0,-0.1246006389776357,6.0,-7,0,64,8.433333333333334,0.0,68.0,Enterprise,Cybersecurity,UK,1,False
A-e1b9cd,2023-04-30,49,13261,6,4,101,27876,6,9,109,30804,10,10,23.0,0.2254901960784313,6.0,-5,0,63,3.9,0.0,18.166666666666668,Pro,DevTools,US,40,False
A-e1b9cd,2023-05-31,70,17657,2,5,133,33506,8,10,179,48461,12,14,38.5,0.2873134328358209,-1.0,-5,0,94,4.933333333333334,0.0,29.83333333333333,Pro,DevTools,US,40,False
A-e1b9cd,2023-06-30,24,11466,0,2,143,42384,8,10,203,59927,12,16,-35.5,-0.2465277777777778,-4.0,-8,0,124,5.933333333333334,0.0,33.833333333333336,Pro,DevTools,US,40,False
A-e1b9cd,2023-07-31,21,5777,0,2,115,34900,2,9,216,62776,8,16,-26.0,-0.2241379310344827,-1.0,-7,0,155,6.966666666666667,0.0,36.0,Pro,DevTools,US,40,False
A-e1b9cd,2023-08-31,10,4770,1,1,55,22013,1,5,188,55519,9,13,-12.5,-0.2232142857142857,1.0,-4,0,186,8.0,0.0,31.33333333333333,Pro,DevTools,US,40,False
A-e1b9cd,2023-09-30,90,21925,3,7,121,32472,4,10,264,74856,12,18,74.5,0.610655737704918,2.5,-3,0,216,9.0,0.0,44.0,Pro,DevTools,US,40,False
A-e3bd71,2023-05-31,46,11708,4,4,97,24944,6,8,134,32938,11,12,20.5,0.2091836734693877,3.0,-4,0,67,4.933333333333334,0.0,22.33333333333333,Basic,Cybersecurity,US,31,False
A-e3bd71,2023-06-30,44,10265,0,3,104,26747,4,7,178,43203,11,13,14.0,0.1333333333333333,-2.0,-4,0,97,5.933333333333334,0.0,29.666666666666668,Basic,Cybersecurity,US,31,False
A-e3bd71,2023-07-31,52,11028,0,4,142,33001,4,9,193,46237,6,12,7.0,0.0489510489510489,-2.0,-5,0,128,6.966666666666667,0.0,32.166666666666664,Basic,Cybersecurity,US,31,False
A-e3bd71,2023-09-30,21,7630,0,2,73,18658,0,6,177,45405,4,12,-5.0,-0.0675675675675675,0.0,-4,0,189,9.0,0.0,29.5,Basic,Cybersecurity,US,31,False
A-e5d6ab,2023-07-31,33,6083,0,3,39,9227,2,4,112,38084,5,11,30.0,0.75,-1.0,-1,0,107,6.433333333333334,0.0,18.666666666666668,Pro,EdTech,US,3,False
A-e5d6ab,2023-08-31,19,3224,0,2,52,9307,0,5,114,31910,5,11,2.5,0.0471698113207547,0.0,-3,0,138,7.466666666666667,0.0,19.0,Pro,EdTech,US,3,False
A-e693b6,2023-08-31,4,312,0,1,30,12232,3,3,154,53938,8,10,-9.0,-0.2903225806451613,-1.5,-2,0,98,7.6,0.0,25.666666666666668,Enterprise,FinTech,AU,55,False
A-e693b6,2023-09-30,31,13491,1,3,35,13803,1,4,166,58109,7,10,29.0,0.8055555555555556,1.0,-1,0,128,8.6,0.0,27.666666666666668,Enterprise,FinTech,AU,55,False
A-e6afc1,2023-07-31,46,12796,1,4,81,23576,3,7,161,41640,3,15,28.5,0.3475609756097561,0.0,-3,0,157,7.0,0.0,26.83333333333333,Pro,DevTools,US,1,False
A-e6afc1,2023-08-31,58,25186,4,6,104,37982,5,9,199,59754,7,16,35.0,0.3333333333333333,3.5,-3,0,188,8.033333333333333,0.0,33.166666666666664,Pro,DevTools,US,1,False
A-e6afc1,2023-09-30,22,8274,0,2,126,46256,5,11,193,64868,7,17,-30.0,-0.2362204724409448,-2.5,-9,0,218,9.033333333333331,0.0,32.166666666666664,Pro,DevTools,US,1,False
A-e888d1,2023-06-30,44,23866,6,2,126,34590,10,5,334,92432,20,13,3.0,0.0236220472440944,4.0,-3,0,94,5.9,0.0,55.66666666666666,Pro,Cybersecurity,US,14,False
A-e888d1,2023-07-31,66,4594,0,2,154,36068,10,6,274,66254,12,10,22.0,0.1419354838709677,-5.0,-4,0,125,6.933333333333334,0.0,45.66666666666666,Pro,Cybersecurity,US,14,False
A-e888d1,2023-08-31,38,14092,6,2,148,42552,12,6,254,61076,16,10,-17.0,-0.1140939597315436,3.0,-4,1,156,7.966666666666667,0.0,42.333333333333336,Pro,Cybersecurity,US,14,False
A-e888d1,2023-09-30,6,1956,0,1,58,11299,3,5,121,28594,8,10,-20.0,-0.3389830508474576,-1.5,-4,0,186,8.966666666666667,0.0,20.166666666666668,Pro,Cybersecurity,US,14,False
A-eafc6e,2023-09-30,21,4236,0,2,30,6747,0,3,68,15101,5,6,16.5,0.532258064516129,0.0,-1,0,86,9.066666666666666,0.0,11.333333333333334,Pro,DevTools,US,27,False
A-ed510f,2023-04-30,26,8918,4,3,50,15564,4,5,67,23435,4,6,14.0,0.2745098039215686,4.0,-2,1,103,3.033333333333333,0.0,11.166666666666666,Basic,Cybersecurity,IN,42,False
A-ee42db,2023-05-31,188,50720,12,4,392,102328,24,8,448,117856,24,10,86.0,0.2188295165394402,6.0,-4,1,36,4.966666666666667,0.0,74.66666666666667,Enterprise,EdTech,DE,13,False
A-ee42db,2023-06-30,24,12768,9,1,252,74070,18,8,360,101160,27,11,-90.0,-0.3557312252964427,4.5,-7,0,66,5.966666666666667,0.0,60.0,Enterprise,EdTech,DE,13,False
A-ee42db,2023-07-31,117,29901,3,4,282,80709,21,9,453,124869,30,14,34.5,0.1219081272084805,-6.0,-5,0,97,7.0,0.0,75.5,Enterprise,EdTech,DE,13,False
A-ee42db,2023-08-31,45,22860,0,1,186,65529,12,6,480,142275,30,14,-25.5,-0.1363636363636363,-6.0,-5,0,128,8.033333333333333,0.0,80.0,Enterprise,EdTech,DE,13,False
A-ee42db,2023-09-30,108,33753,18,4,270,86514,21,8,522,160584,39,16,27.0,0.0996309963099631,16.5,-4,1,158,9.033333333333331,0.0,87.0,Enterprise,EdTech,DE,13,False
A-f17767,2023-03-31,33,7881,4,4,61,15033,4,6,61,15033,4,6,19.0,0.3064516129032258,4.0,-2,0,60,2.7,0.0,10.166666666666666,Enterprise,DevTools,US,1,True
A-f17767,2023-04-30,46,19903,10,6,91,33064,14,10,107,34936,14,11,23.5,0.2554347826086957,8.0,-4,1,90,3.7,0.0,17.833333333333332,Enterprise,DevTools,US,1,True
A-f1f639,2023-08-31,20,5060,0,1,46,11582,8,2,96,29490,10,4,7.0,0.1489361702127659,-4.0,-1,0,186,7.8,0.0,16.0,Basic,EdTech,US,2,False
A-f446b6,2023-07-31,25,2090,0,2,38,6812,4,4,70,17062,4,6,18.5,0.4743589743589743,-2.0,-2,0,80,5.866666666666666,0.0,11.666666666666666,Pro,DevTools,DE,5,True
A-f446b6,2023-08-31,33,11924,2,3,58,14014,2,5,94,26340,6,8,20.5,0.3474576271186441,2.0,-2,0,111,6.9,0.0,15.666666666666666,Pro,DevTools,DE,5,True
A-f446b6,2023-09-30,8,3344,1,1,66,17358,3,6,102,29684,7,8,-21.0,-0.3134328358208955,0.0,-5,0,141,7.9,0.0,17.0,Pro,DevTools,DE,5,True
A-fdfc91,2023-08-31,54,6043,5,5,113,25530,7,9,182,41390,9,14,24.5,0.2149122807017544,4.0,-4,0,117,7.7,0.0,30.33333333333333,Basic,Cybersecurity,US,29,False
A-fdfc91,2023-09-30,6,2634,0,1,108,26129,7,9,152,35076,8,13,-45.0,-0.4128440366972477,-3.5,-8,0,147,8.7,0.0,25.33333333333333,Basic,Cybersecurity,US,29,False
A-ff3c73,2023-05-31,34,3100,4,2,108,24890,6,6,162,37544,10,7,-3.0,-0.0275229357798165,3.0,-4,0,125,4.133333333333334,0.0,27.0,Pro,HealthTech,AU,21,False
A-ff3c73,2023-06-30,14,4102,0,1,76,15570,4,5,176,41646,10,8,-17.0,-0.2207792207792207,-2.0,-4,0,155,5.133333333333334,0.0,29.33333333333333,Pro,HealthTech,AU,21,False
A-ff3c73,2023-07-31,28,16408,0,1,76,23610,4,4,150,45400,6,8,4.0,0.0519480519480519,-2.0,-3,0,186,6.166666666666667,0.0,25.0,Pro,HealthTech,AU,21,False
A-ff3c73,2023-08-31,44,17766,0,2,86,38276,0,4,194,63166,6,10,23.0,0.264367816091954,0.0,-2,0,217,7.2,0.0,32.333333333333336,Pro,HealthTech,AU,21,False
A-ff3c73,2023-09-30,52,17132,4,2,124,51306,4,5,200,66876,8,10,16.0,0.128,4.0,-3,0,247,8.2,0.0,33.333333333333336,Pro,HealthTech,AU,21,False
